{
    "poll1": {
        "id": "poll1",
        "question": "Would you like FREE snacks on the university campus?",
        "options": [
            "Yes",
            "No"
        ],
        "isMultiple": false,
        "createdAt": "2022-12-04",
        "deadline": "2022-12-12",
        "answers": {
            "Yes": 2,
            "No": 0
        },
        "voted": [
            "admin",
            "user2"
        ]
    },
    "poll9": {
        "id": "poll9",
        "question": "How do u like cofee",
        "options": [
            "strong ",
            "milk ",
            "latte"
        ],
        "isMultiple": true,
        "deadline": "2023-03-10",
        "createdAt": "2023-01-28 21:22:23",
        "answers": {
            "strong ": 1,
            "milk ": 0,
            "latte": 0
        },
        "voted": [
            "admin"
        ]
    },
    "poll55": {
        "id": "poll55",
        "question": "How is php course",
        "options": [
            "hard ",
            "easy",
            "not bad"
        ],
        "isMultiple": false,
        "deadline": "2025-06-02",
        "createdAt": "2023-01-28 23:02:41",
        "answers": {
            "hard ": 1,
            "easy": 0,
            "not bad": 3
        },
        "voted": [
            "admin"
        ]
    },
    "poll222": {
        "id": "poll222",
        "question": "What kind of snacks would you like?!!!!!!!!",
        "options": [
            "Potato",
            "Peanuts",
            "Chocolate",
            "Cookies"
        ],
        "isMultiple": false,
        "deadline": "2027-12-13",
        "createdAt": "2023-01-29 16:25:27",
        "answers": {
            "Potato": 1,
            "Peanuts": 0,
            "Chocolate": 0,
            "Cookies": 1
        },
        "voted": [
            "AAA",
            "admin"
        ]
    }
}